{"cameraMode":{"drawMode":0,"name":"Shaded","section":"Shading Mode"},"sceneLighting":true,"audioPlay":false,"sceneViewState":{"m_AlwaysRefresh":false,"showFog":true,"showSkybox":false,"showFlares":true,"showImageEffects":true,"showParticleSystems":true,"showVisualEffectGraphs":true,"m_FxEnabled":false},"in2DMode":false,"pivot":{"x":-0.2902458906173706,"y":-3.0682127475738527,"z":17.95211410522461},"rotation":{"x":-0.14677758514881135,"y":0.0035589386243373157,"z":-0.0005264303181320429,"w":-0.9891704320907593},"size":11.181962966918946,"orthographic":false}